"","name","league","primary","secondary","tertiary","quaternary","division","location","mascot","sportslogos_name","logo"
"1","A&M-Corpus Christi","ncaa","#0067C5","#007F3E",NA,NA,"Southland","A&M-Corpus","Christi","A&M-Corpus Christi",NA
"2","Abilene Christian Wildcats","ncaa","#461D7C","#FFFFFF",NA,NA,"WAC","Abilene","Christian Wildcats","Abilene Christian Wildcats","https://content.sportslogos.net/logos/30/5071/thumbs/507177262013.gif"
"3","Air Force","ncaa","#003087","#8A8D8F","#B1B3B3","#FFC72C","MWC","Air Force",NA,"Air Force Falcons","https://content.sportslogos.net/logos/30/595/thumbs/59535102020.gif"
"4","Akron","ncaa","#041E42","#A89968",NA,NA,"MAC","Akron",NA,"Akron",NA
"5","Alabama","ncaa","#9E1B32","#828A8F","#FFFFFF",NA,"SEC","Alabama",NA,"Alabama",NA
"6","Alabama A&M","ncaa","#660000","#FFFFFF",NA,NA,"SWAC","Alabama","A&M","Alabama A&M",NA
"7","Alabama State Hornets[i]","ncaa","#C99700","#000000",NA,NA,"SWAC","Alabama State","Hornets[i]","Alabama State Hornets[i]",NA
"8","Alcorn","ncaa","#46166A","#E9A713",NA,NA,"SWAC","Alcorn",NA,"Alcorn",NA
"9","American Eagles","ncaa","#C4122E","#005099",NA,NA,"Patriot","American","Eagles","American Eagles","https://content.sportslogos.net/logos/30/601/thumbs/c6bcevlqb0ggdhe3izuko9vbz.gif"
"10","App State","ncaa","#222222","#FFCC00",NA,NA,"Sunbelt","App State",NA,"App State",NA
"11","Arizona State Sun Devils","ncaa","#8C1D40","#FFC627",NA,NA,"Pac 12","Arizona State","Sun Devils","Arizona State Sun Devils","https://content.sportslogos.net/logos/30/604/thumbs/60465632012.gif"
"12","Arizona Wildcats","ncaa","#CC0033","#003366",NA,NA,"Pac 12","Arizona","Wildcats","Arizona Wildcats","https://content.sportslogos.net/logos/30/603/thumbs/60395182011.gif"
"13","Ark.-Pine Bluff","ncaa","#000000","#EEB310",NA,NA,"SWAC","Ark.-Pine","Bluff","Ark.-Pine Bluff",NA
"14","Arkansas Razorbacks","ncaa","#9D2235","#FFFFFF",NA,NA,"SEC","Arkansas","Razorbacks","Arkansas Razorbacks","https://content.sportslogos.net/logos/30/606/thumbs/60692202014.gif"
"15","Arkansas State Red Wolves","ncaa","#CC092F","#000000",NA,NA,"Sunbelt","Arkansas State","Red Wolves","Arkansas State Red Wolves","https://content.sportslogos.net/logos/30/605/thumbs/60556122015.gif"
"16","Army West Point","ncaa","#D4BF91","#000000","#B2B4B3",NA,"Patriot","Army","West Point","Army West Point",NA
"17","Auburn Tigers","ncaa","#0C2340","#E87722",NA,NA,"SEC","Auburn","Tigers","Auburn Tigers","https://content.sportslogos.net/logos/30/610/thumbs/61011451968.gif"
"18","Austin Peay","ncaa","#BA0C2F","#000000",NA,NA,"A-Sun","Austin","Peay","Austin Peay",NA
"19","BYU","ncaa","#002255","#C5AF7D",NA,NA,"WCC","BYU",NA,"Brigham Young Cougars","https://content.sportslogos.net/logos/30/622/thumbs/62210722021.gif"
"20","Ball State Cardinals","ncaa","#BA0C2F","#000000",NA,NA,"MAC","Ball State","Cardinals","Ball State Cardinals","https://content.sportslogos.net/logos/30/612/thumbs/61273522015.gif"
"21","Baylor Bears","ncaa","#003015","#FECB00",NA,NA,"Big 12","Baylor","Bears","Baylor Bears","https://content.sportslogos.net/logos/30/613/thumbs/61311562019.gif"
"22","Bellarmine","ncaa","#752936","#4d4d4d",NA,NA,"A-Sun","Bellarmine",NA,"Bellarmine",NA
"23","Belmont Bruins","ncaa","#002469","#C9262D",NA,NA,"MVC","Belmont","Bruins","Belmont Bruins","https://content.sportslogos.net/logos/30/614/thumbs/4681.gif"
"24","Bethune-Cookman","ncaa","#6F263D","#F2A900",NA,NA,"SWAC","Bethune-Cookman",NA,"Bethune-Cookman",NA
"25","Binghamton","ncaa","#005A43","#169B62","#BF0D3E","#B1B3B3","Am. East","Binghamton",NA,"Binghamton",NA
"26","Boise State Broncos","ncaa","#D64309","#0033A0",NA,NA,"MWC","Boise State","Broncos","Boise State Broncos","https://content.sportslogos.net/logos/30/617/thumbs/61734132013.gif"
"27","Boston College Eagles","ncaa","#98002E","#BC9B6A",NA,NA,"ACC","Boston College","Eagles","Boston College Eagles","https://content.sportslogos.net/logos/30/618/thumbs/61849282016.gif"
"28","Boston U.","ncaa","#CC0000","#FFFFFF",NA,NA,"Patriot","Boston","U.","Boston U.",NA
"29","Bowling Green","ncaa","#FE5000","#4F2C1D","#CDA077","#000000","MAC","Bowling Green",NA,"Bowling Green Falcons","https://content.sportslogos.net/logos/30/620/thumbs/62087732011.gif"
"30","Bradley Braves","ncaa","#A50000","#999999",NA,NA,"MVC","Bradley","Braves","Bradley Braves","https://content.sportslogos.net/logos/30/621/thumbs/62140442012.gif"
"31","Brown Bears","ncaa","#4E3629","#FFFFFF","#7C2529","#E4002B","Ivy","Brown","Bears","Brown Bears","https://content.sportslogos.net/logos/30/623/thumbs/62367162022.gif"
"32","Bryant Bulldogs","ncaa","#231F20","#B09863",NA,NA,"Am. East","Bryant","Bulldogs","Bryant Bulldogs","https://content.sportslogos.net/logos/30/5021/thumbs/502126362005.gif"
"33","Bucknell Bison","ncaa","#EF5B0C","#003865",NA,NA,"Patriot","Bucknell","Bison","Bucknell Bison","https://content.sportslogos.net/logos/30/624/thumbs/62418272011.gif"
"34","Buffalo","ncaa","#005BBB","#FFFFFF",NA,NA,"MAC","Buffalo",NA,"Buffalo Bulls","https://content.sportslogos.net/logos/30/819/thumbs/81942602016.gif"
"35","Butler Bulldogs","ncaa","#13294B","#747678","#D1E0D7","#000000","Big East","Butler","Bulldogs","Butler Bulldogs","https://content.sportslogos.net/logos/30/625/thumbs/62574872015.gif"
"36","CSU Bakersfield","ncaa","#005DAA","#FFD200",NA,NA,"Big West","CSU Bakersfield",NA,"CSU Bakersfield Roadrunners","https://content.sportslogos.net/logos/30/5046/thumbs/504629892019.gif"
"37","CSUN","ncaa","#CE1126","#D1CEC6","#000000",NA,"Big West","CSUN",NA,"Cal State Northridge Matadors","https://content.sportslogos.net/logos/30/628/thumbs/62897842014.gif"
"38","Cal Poly","ncaa","#003831","#FFE395","#B38F4F","#000000","Big West","Cal Poly",NA,"Cal Poly Mustangs","https://content.sportslogos.net/logos/30/626/thumbs/62656852021.gif"
"39","Cal State Fullerton","ncaa","#00274C","#DC8218",NA,NA,"Big West","Cal State Fullerton",NA,"Cal State Fullerton Titans","https://content.sportslogos.net/logos/30/627/thumbs/62775022020.gif"
"40","California","ncaa","#003262","#FDB515","#3B7EA1","#C4820E","Pac 12","California",NA,"California Golden Bears","https://content.sportslogos.net/logos/30/630/thumbs/63098682017.gif"
"41","California Baptist Lancers","ncaa","#002554","#A37400","#AC451E",NA,"WAC","California","Baptist Lancers","California Baptist Lancers","https://content.sportslogos.net/logos/30/6812/thumbs/681253092017.gif"
"42","Campbell Fighting Camels[l]","ncaa","#E87722","#000000",NA,NA,"Big South","Campbell","Fighting Camels[l]","Campbell Fighting Camels[l]",NA
"43","Canisius","ncaa","#0C2340","#FFBA00",NA,NA,"MAAC","Canisius",NA,"Canisius Golden Griffins","https://content.sportslogos.net/logos/30/632/thumbs/63223182006.gif"
"44","Central Ark.","ncaa","#4F2D7F","#818A8F",NA,NA,"A-Sun","Central","Ark.","Central Ark.",NA
"45","Central Conn. State","ncaa","#1A4784","#FFFFFF",NA,NA,"NEC","Central","Conn._State","Central Conn. State",NA
"46","Central Michigan Chippewas","ncaa","#6A0032","#FFC82E",NA,NA,"MAC","Central Michigan","Chippewas","Central Michigan Chippewas","https://content.sportslogos.net/logos/30/636/thumbs/6843.gif"
"47","Charleston So.","ncaa","#002855","#A89968",NA,NA,"Big South","Charleston","So.","Charleston So.",NA
"48","Charlotte","ncaa","#046A38","#B9975B","#27251F",NA,"C-USA","Charlotte",NA,"Charlotte 49ers","https://content.sportslogos.net/logos/30/639/thumbs/63959622020.gif"
"49","Chattanooga","ncaa","#00386B","#E0AA0F",NA,NA,"Southern","Chattanooga",NA,"Chattanooga",NA
"50","Chicago State Cougars","ncaa","#006666","#000000",NA,NA,"Independent","Chicago State","Cougars","Chicago State Cougars","https://content.sportslogos.net/logos/30/641/thumbs/64119342009.gif"
"51","Cincinnati Bearcats","ncaa","#E00122","#000000",NA,NA,"AAC","Cincinnati","Bearcats","Cincinnati Bearcats","https://content.sportslogos.net/logos/30/642/thumbs/7482.gif"
"52","Clemson Tigers","ncaa","#F56600","#522D80",NA,NA,"ACC","Clemson","Tigers","Clemson Tigers","https://content.sportslogos.net/logos/30/643/thumbs/2451.gif"
"53","Cleveland State Vikings","ncaa","#006747","#000000",NA,NA,"Horizon","Cleveland State","Vikings","Cleveland State Vikings","https://content.sportslogos.net/logos/30/644/thumbs/kwthyzx2swpnggefwaidm12f2.gif"
"54","Coastal Carolina Chanticleers","ncaa","#006F71","#A27752","#111111",NA,"Sunbelt","Coastal Carolina","Chanticleers","Coastal Carolina Chanticleers","https://content.sportslogos.net/logos/30/645/thumbs/64521712016.gif"
"55","Col. of Charleston","ncaa","#76232F","#FFFFFF",NA,NA,"CAA","Col.","of Charleston","Col. of Charleston",NA
"56","Colgate Raiders","ncaa","#862633","#C8C7C7",NA,NA,"Patriot","Colgate","Raiders","Colgate Raiders","https://content.sportslogos.net/logos/30/646/thumbs/64634482020.gif"
"57","Colorado","ncaa","#CFB87C","#000000","#565A5C","#A2A4A3","Pac 12","Colorado",NA,"Colorado Buffaloes","https://content.sportslogos.net/logos/30/647/thumbs/7489.gif"
"58","Colorado State Rams","ncaa","#1E4D2B","#C8C372",NA,NA,"MWC","Colorado State","Rams","Colorado State Rams","https://content.sportslogos.net/logos/30/648/thumbs/64848422021.gif"
"59","Columbia","ncaa","#9BCBEB","#003865",NA,NA,"Ivy","Columbia",NA,"Columbia",NA
"60","Coppin State Eagles","ncaa","#003056","#FFC915",NA,NA,"MEAC","Coppin State","Eagles","Coppin State Eagles","https://content.sportslogos.net/logos/30/650/thumbs/65060022017.gif"
"61","Cornell Big Red","ncaa","#B31B1B","#5E3920","#89572E","#000000","Ivy","Cornell","Big Red","Cornell Big Red","https://content.sportslogos.net/logos/30/651/thumbs/65139712002.gif"
"62","Creighton Bluejays","ncaa","#005CA9","#00235D","#6CADDE","#828282","Big East","Creighton","Bluejays","Creighton Bluejays","https://content.sportslogos.net/logos/30/652/thumbs/65227962013.gif"
"63","Dartmouth","ncaa","#046A38","#000000",NA,NA,"Ivy","Dartmouth",NA,"Dartmouth Big Green","https://content.sportslogos.net/logos/31/653/thumbs/65382902019.gif"
"64","Davidson","ncaa","#AC1A2F","#000000",NA,NA,"A-10","Davidson",NA,"Davidson Wildcats","https://content.sportslogos.net/logos/31/654/thumbs/65425992010.gif"
"65","Dayton Flyers","ncaa","#CE1141","#004B8D","#F80228","#0200D1","A-10","Dayton","Flyers","Dayton Flyers","https://content.sportslogos.net/logos/31/655/thumbs/65570832015.gif"
"66","DePaul Blue Demons","ncaa","#005EB8","#E4002B",NA,NA,"Big East","DePaul","Blue Demons","DePaul Blue Demons","https://content.sportslogos.net/logos/31/656/thumbs/65640102021.gif"
"67","Delaware Fightin' Blue Hens","ncaa","#00539F","#FFD200",NA,NA,"CAA","Delaware","Fightin' Blue Hens","Delaware Fightin' Blue Hens",NA
"68","Delaware State Hornets[i]","ncaa","#EE3124","#0099CC",NA,NA,"MEAC","Delaware State","Hornets[i]","Delaware State Hornets[i]",NA
"69","Denver Pioneers","ncaa","#8B2332","#8B6F4B",NA,NA,"Summit","Denver","Pioneers","Denver Pioneers","https://content.sportslogos.net/logos/31/659/thumbs/65995202022.gif"
"70","Detroit Mercy Titans","ncaa","#A6093D","#002D72","#D7D2CB",NA,"Horizon","Detroit","Mercy Titans","Detroit Titans","https://content.sportslogos.net/logos/31/660/thumbs/66041452016.gif"
"71","Drake Bulldogs","ncaa","#004477","#999999",NA,NA,"MVC","Drake","Bulldogs","Drake Bulldogs","https://content.sportslogos.net/logos/31/661/thumbs/66135332015.gif"
"72","Drexel Dragons","ncaa","#07294D","#FFC600",NA,NA,"CAA","Drexel","Dragons","Drexel Dragons","https://content.sportslogos.net/logos/31/662/thumbs/66250282012.gif"
"73","Duke Blue Devils","ncaa","#001A57","#FFFFFF","#003366","#0736A4","ACC","Duke","Blue Devils","Duke Blue Devils","https://content.sportslogos.net/logos/31/663/thumbs/66395011978.gif"
"74","Duquesne","ncaa","#041E42","#BA0C2F","#000000",NA,"A-10","Duquesne",NA,"Duquesne",NA
"75","ETSU","ncaa","#041E42","#FFC72C",NA,NA,"Southern","ETSU",NA,"ETSU",NA
"76","East Carolina Pirates[q]","ncaa","#592A8A","#FDC82F",NA,NA,"AAC","East Carolina","Pirates[q]","East Carolina Pirates[q]",NA
"77","Eastern Illinois Panthers","ncaa","#003399","#B2B2B2",NA,NA,"OVC","Eastern Illinois","Panthers","Eastern Illinois Panthers","https://content.sportslogos.net/logos/31/667/thumbs/66777832015.gif"
"78","Eastern Kentucky Colonels","ncaa","#4C151E","#FFFFFF",NA,NA,"A-Sun","Eastern Kentucky","Colonels","Eastern Kentucky Colonels","https://content.sportslogos.net/logos/31/668/thumbs/66815552017.gif"
"79","Eastern Michigan Eagles","ncaa","#006633","#000000",NA,NA,"MAC","Eastern Michigan","Eagles","Eastern Michigan Eagles","https://content.sportslogos.net/logos/31/669/thumbs/66988442013.gif"
"80","Eastern Washington Eagles","ncaa","#A10022","#FFFFFF","#6D6E71",NA,"Big Sky","Eastern Washington","Eagles","Eastern Washington Eagles","https://content.sportslogos.net/logos/31/670/thumbs/6878.gif"
"81","Elon Phoenix","ncaa","#73000A","#B59A57",NA,NA,"CAA","Elon","Phoenix","Elon Phoenix","https://content.sportslogos.net/logos/31/671/thumbs/67183312016.gif"
"82","Evansville Purple Aces","ncaa","#52237F","#F36F21",NA,NA,"MVC","Evansville","Purple Aces","Evansville Purple Aces","https://content.sportslogos.net/logos/31/672/thumbs/67264652019.gif"
"83","FGCU","ncaa","#002D72","#007749","#B9975B",NA,"A-Sun","FGCU",NA,"Florida Gulf Coast Eagles","https://content.sportslogos.net/logos/31/4946/thumbs/494681002002.gif"
"84","FIU","ncaa","#081E3F","#B6862C",NA,NA,"C-USA","FIU",NA,"FIU Panthers","https://content.sportslogos.net/logos/31/678/thumbs/67854492010.gif"
"85","Fairfield Stags","ncaa","#C8102E","#A2AAAD","#000000",NA,"MAAC","Fairfield","Stags","Fairfield Stags","https://content.sportslogos.net/logos/31/673/thumbs/fem0t6nf9oeoohyyqbp7erhvg.gif"
"86","Fairleigh Dickinson Knights","ncaa","#A32638","#003F87",NA,NA,"NEC","Fairleigh","Dickinson Knights","Fairleigh Dickinson Knights","https://content.sportslogos.net/logos/31/674/thumbs/67467602019.gif"
"87","Florida A&M","ncaa","#F4811F","#008344",NA,NA,"SWAC","Florida","A&M","Florida A&M",NA
"88","Florida Atlantic Owls","ncaa","#003366","#CC0000","#8A8D8F","#CCCCCC","C-USA","Florida Atlantic","Owls","Florida Atlantic Owls","https://content.sportslogos.net/logos/31/677/thumbs/67725362018.gif"
"89","Florida Gators","ncaa","#0021A5","#FA4616",NA,NA,"SEC","Florida","Gators","Florida Gators","https://content.sportslogos.net/logos/31/675/thumbs/67570762013.gif"
"90","Florida State Seminoles","ncaa","#782F40","#CEB888","#FFFFFF","#000000","ACC","Florida State","Seminoles","Florida State Seminoles","https://content.sportslogos.net/logos/31/679/thumbs/67959842014.gif"
"91","Fordham Rams","ncaa","#860038","#FFFFFF",NA,NA,"A-10","Fordham","Rams","Fordham Rams","https://content.sportslogos.net/logos/31/680/thumbs/68090482009.gif"
"92","Fresno State","ncaa","#DB0032","#002E6D","#007934",NA,"MWC","Fresno State",NA,"Fresno State Bulldogs","https://content.sportslogos.net/logos/31/681/thumbs/68182932020.gif"
"93","Furman Paladins[t]","ncaa","#582C83","#FFFFFF",NA,NA,"Southern","Furman","Paladins[t]","Furman Paladins[t]",NA
"94","Gardner-Webb","ncaa","#A6192E","#000000",NA,NA,"Big South","Gardner-Webb",NA,"Gardner-Webb",NA
"95","George Mason Patriots","ncaa","#006633","#FFCC33","#000000",NA,"A-10","George Mason","Patriots","George Mason Patriots","https://content.sportslogos.net/logos/31/684/thumbs/82zgn45ik9y1ttzrdfugvgfsj.gif"
"96","George Washington","ncaa","#E2CB92","#002654",NA,NA,"A-10","George Washington",NA,"George Washington",NA
"97","Georgetown Hoyas","ncaa","#041E42","#8D817B",NA,NA,"Big East","Georgetown","Hoyas","Georgetown Hoyas","https://content.sportslogos.net/logos/31/686/thumbs/41oxa3jgd3ht8c7a6zf2hbf99.gif"
"98","Georgia Bulldogs[h]","ncaa","#BA0C2F","#000000","#FFFFFF",NA,"SEC","Georgia","Bulldogs[h]","Georgia Bulldogs[h]",NA
"99","Georgia Southern Eagles[u]","ncaa","#011E41","#A3AAAE","#87714D",NA,"Sunbelt","Georgia Southern","Eagles[u]","Georgia Southern Eagles[u]",NA
"100","Georgia State Panthers","ncaa","#0039A6","#C60C30","#000000",NA,"Sunbelt","Georgia State","Panthers","Georgia State Panthers","https://content.sportslogos.net/logos/31/689/thumbs/68949972014.gif"
"101","Georgia Tech","ncaa","#B3A369","#003057","#A28D5B",NA,"ACC","Georgia Tech",NA,"Georgia Tech Yellow Jackets","https://content.sportslogos.net/logos/31/690/thumbs/69087312018.gif"
"102","Gonzaga Bulldogs[k]","ncaa","#041E42","#C8102E","#C1C6C8",NA,"WCC","Gonzaga","Bulldogs[k]","Gonzaga Bulldogs[k]",NA
"103","Grambling","ncaa","#000000","#ECAA00",NA,NA,"SWAC","Grambling",NA,"Grambling",NA
"104","Grand Canyon Antelopes","ncaa","#522398","#000000",NA,NA,"WAC","Grand Canyon","Antelopes","Grand Canyon Antelopes","https://content.sportslogos.net/logos/31/5050/thumbs/505089242015.gif"
"105","Green Bay","ncaa","#006747","#9D2235","#8A8D8F",NA,"Horizon","Green Bay",NA,"Wisconsin-Green Bay Phoenix","https://content.sportslogos.net/logos/35/891/thumbs/89127172018.gif"
"106","Hampton Pirates[q]","ncaa","#265198","#FFFFFF",NA,NA,"CAA","Hampton","Pirates[q]","Hampton Pirates[q]",NA
"107","Hartford Hawks","ncaa","#C02427","#0F0708",NA,NA,"Independent","Hartford","Hawks","Hartford Hawks","https://content.sportslogos.net/logos/31/694/thumbs/69439442015.gif"
"108","Harvard Crimson","ncaa","#A41034","#000000","#808285","#B6B6B6","Ivy","Harvard","Crimson","Harvard Crimson","https://content.sportslogos.net/logos/31/695/thumbs/69560602020.gif"
"109","Hawaii","ncaa","#024731","#C8C8C8","#000000",NA,"Big West","Hawaii",NA,"Hawaii Warriors","https://content.sportslogos.net/logos/31/696/thumbs/2494.gif"
"110","High Point Panthers","ncaa","#330072","#FFFFFF",NA,NA,"Big South","High","Point Panthers","High Point Panthers","https://content.sportslogos.net/logos/31/697/thumbs/69756152012.gif"
"111","Hofstra Pride","ncaa","#FDC82F","#003591",NA,NA,"CAA","Hofstra","Pride","Hofstra Pride","https://content.sportslogos.net/logos/31/698/thumbs/qs9j3fihpcuf30g310wtqebuw.gif"
"112","Holy Cross","ncaa","#602D89","#FFFFFF",NA,NA,"Patriot","Holy","Cross","Holy Cross",NA
"113","Houston Christian Huskies","ncaa","#00529C","#F85512",NA,NA,"Southland","Houston","Christian Huskies","Houston Christian Huskies",NA
"114","Houston Cougars","ncaa","#C8102E","#76232F","#B2B4B2",NA,"AAC","Houston","Cougars","Houston Cougars","https://content.sportslogos.net/logos/31/700/thumbs/70018072017.gif"
"115","Howard Bison[x]","ncaa","#003A63","#FFFFFF",NA,NA,"MEAC","Howard","Bison[x]","Howard Bison[x]",NA
"116","IUPUI","ncaa","#9D2235","#DFD1A7","#000000",NA,"Horizon","IUPUI",NA,"IUPUI Jaguars","https://content.sportslogos.net/logos/32/703/thumbs/70394972017.gif"
"117","Idaho State Bengals","ncaa","#000000","#F9A81A",NA,NA,"Big Sky","Idaho State","Bengals","Idaho State Bengals","https://content.sportslogos.net/logos/32/705/thumbs/70529292019.gif"
"118","Idaho Vandals","ncaa","#EAAB00","#86754D","#808080","#000000","Big Sky","Idaho","Vandals","Idaho Vandals","https://content.sportslogos.net/logos/32/704/thumbs/70424842018.gif"
"119","Illinois","ncaa","#13294B","#E84A27",NA,NA,"Big 10","Illinois",NA,"Illinois Fighting Illini","https://content.sportslogos.net/logos/32/706/thumbs/70683592014.gif"
"120","Illinois State Redbirds","ncaa","#CE1126","#F9DD16","#000000",NA,"MVC","Illinois State","Redbirds","Illinois State Redbirds","https://content.sportslogos.net/logos/32/707/thumbs/5l5bieqet3144zaiwte9.gif"
"121","Indiana","ncaa","#990000","#EEEDEB",NA,NA,"Big 10","Indiana",NA,"Indiana",NA
"122","Indiana State Sycamores","ncaa","#0142BC","#FFFFFF",NA,NA,"MVC","Indiana State","Sycamores","Indiana State Sycamores","https://content.sportslogos.net/logos/32/710/thumbs/71088862020.gif"
"123","Iona Gaels","ncaa","#6F2C3F","#F2A900",NA,NA,"MAAC","Iona","Gaels","Iona Gaels","https://content.sportslogos.net/logos/32/711/thumbs/71185382016.gif"
"124","Iowa","ncaa","#FFCD00","#000000",NA,NA,"Big 10","Iowa",NA,"Iowa",NA
"125","Iowa State","ncaa","#C8102E","#F1BE48",NA,NA,"Big 12","Iowa State",NA,"Iowa State",NA
"126","Jackson State Tigers[v]","ncaa","#002147","#FFFFFF",NA,NA,"SWAC","Jackson State","Tigers[v]","Jackson State Tigers[v]",NA
"127","Jacksonville Dolphins","ncaa","#084E44","#FFFFFF",NA,NA,"A-Sun","Jacksonville","Dolphins","Jacksonville Dolphins","https://content.sportslogos.net/logos/32/715/thumbs/71573342018.gif"
"128","Jacksonville State Gamecocks","ncaa","#004E44","#898A8D","#BBBBBB","#000000","A-Sun","Jacksonville State","Gamecocks","Jacksonville State Gamecocks","https://content.sportslogos.net/logos/32/716/thumbs/84gdv65kg9fdjefh4teoh5355.gif"
"129","James Madison Dukes","ncaa","#450084","#CBB677",NA,NA,"Sunbelt","James","Madison Dukes","James Madison Dukes","https://content.sportslogos.net/logos/32/717/thumbs/71751492017.gif"
"130","Kansas City","ncaa","#005293","#FECB00","#000000","#DCDDDE","Summit","Kansas City",NA,"Kansas City",NA
"131","Kansas Jayhawks","ncaa","#0051BA","#E8000D","#FFC82D","#85898A","Big 12","Kansas","Jayhawks","Kansas Jayhawks","https://content.sportslogos.net/logos/32/718/thumbs/t96oee4doe8n2oxaft7f.gif"
"132","Kansas State Wildcats","ncaa","#512888","#D1D1D1","#A7A7A7","#FFFFFF","Big 12","Kansas State","Wildcats","Kansas State Wildcats","https://content.sportslogos.net/logos/32/719/thumbs/71944342019.gif"
"133","Kennesaw State Owls","ncaa","#FDBB30","#0B1315","#C5C6C8",NA,"A-Sun","Kennesaw State","Owls","Kennesaw State Owls","https://content.sportslogos.net/logos/32/4949/thumbs/494943922012.gif"
"134","Kent State Golden Flashes","ncaa","#002664","#EAAB00",NA,NA,"MAC","Kent State","Golden Flashes","Kent State Golden Flashes","https://content.sportslogos.net/logos/32/720/thumbs/72041732017.gif"
"135","Kentucky Wildcats","ncaa","#0033A0","#FFFFFF","#000000",NA,"SEC","Kentucky","Wildcats","Kentucky Wildcats","https://content.sportslogos.net/logos/32/721/thumbs/72178322016.gif"
"136","LIU","ncaa","#231F20","#8A8D8F",NA,NA,"NEC","LIU",NA,"LIU",NA
"137","LMU (CA)","ncaa","#B62B3A","#00447C","#617080","#231F20","WCC","LMU","(CA)","Loyola Marymount Lions","https://content.sportslogos.net/logos/32/737/thumbs/73722732019.gif"
"138","LSU","ncaa","#461D7C","#FDD023",NA,NA,"SEC","LSU",NA,"LSU Tigers","https://content.sportslogos.net/logos/32/723/thumbs/s4dleiha8ddfi6cdweqjtgeq9.gif"
"139","La Salle Explorers","ncaa","#FFCC00","#003366",NA,NA,"A-10","La Salle","Explorers","La Salle Explorers","https://content.sportslogos.net/logos/32/724/thumbs/72445432020.gif"
"140","Lafayette","ncaa","#910029","#A8996E",NA,NA,"Patriot","Lafayette",NA,"Lafayette",NA
"141","Lamar University","ncaa","#E31937","#000000",NA,NA,"Southland","Lamar","University","Lamar University",NA
"142","Lehigh Mountain Hawks","ncaa","#4B2913","#FFFFFF",NA,NA,"Patriot","Lehigh","Mountain Hawks","Lehigh Mountain Hawks","https://content.sportslogos.net/logos/32/727/thumbs/6915.gif"
"143","Liberty Flames[ac]","ncaa","#990000","#0A254E",NA,NA,"A-Sun","Liberty","Flames[ac]","Liberty Flames[ac]",NA
"144","Lindenwood","ncaa","#101820","#B5A36A",NA,NA,"OVC","Lindenwood",NA,"Lindenwood",NA
"145","Lipscomb Bisons[ad]","ncaa","#331E54","#F4AA00","#000000",NA,"A-Sun","Lipscomb","Bisons[ad]","Lipscomb Bisons[ad]",NA
"146","Little Rock","ncaa","#6E2639","#A7A9AC",NA,NA,"OVC","Little Rock",NA,"Little Rock Trojans","https://content.sportslogos.net/logos/32/5844/thumbs/584449042016.gif"
"147","Long Beach State","ncaa","#FFC72A","#000000",NA,NA,"Big West","Long Beach State",NA,"Long Beach State 49ers","https://content.sportslogos.net/logos/32/730/thumbs/73050262014.gif"
"148","Longwood Lancers","ncaa","#041E42","#FFFFFF",NA,NA,"Big South","Longwood","Lancers","Longwood Lancers","https://content.sportslogos.net/logos/32/2609/thumbs/260995192014.gif"
"149","Louisiana","ncaa","#CE181E","#0A0203","#C1C5C9","#F18C21","Sunbelt","Louisiana",NA,"Louisiana Ragin Cajuns","https://content.sportslogos.net/logos/32/732/thumbs/73239682018.gif"
"150","Louisiana Tech Bulldogs[ae]","ncaa","#E31B23","#A2AAAD","#111111",NA,"C-USA","Louisiana Tech","Bulldogs[ae]","Louisiana Tech Bulldogs[ae]",NA
"151","Louisville Cardinals","ncaa","#AD0000","#000000","#FDB913","#CCCCCC","ACC","Louisville","Cardinals","Louisville Cardinals","https://content.sportslogos.net/logos/32/734/thumbs/73446722007.gif"
"152","Loyola Chicago Ramblers","ncaa","#922247","#FEBD18",NA,NA,"A-10","Loyola","Chicago Ramblers","Loyola Ramblers","https://content.sportslogos.net/logos/32/735/thumbs/73557852019.gif"
"153","Loyola Maryland Greyhounds","ncaa","#00694E","#CACAC8",NA,NA,"Patriot","Loyola","Maryland Greyhounds","Loyola Maryland Greyhounds",NA
"154","Maine Black Bears","ncaa","#003263","#B0D7FF","#AB0634","#908C89","Am. East","Maine","Black Bears","Maine Black Bears","https://content.sportslogos.net/logos/32/738/thumbs/blkfbg8zghmh0m8i7v9lrl5c6.gif"
"155","Manhattan","ncaa","#00703C","#FFFFFF",NA,NA,"MAAC","Manhattan",NA,"Manhattan Jaspers","https://content.sportslogos.net/logos/32/739/thumbs/73917732012.gif"
"156","Marist","ncaa","#C8102E","#B2B2B2","#000000",NA,"MAAC","Marist",NA,"Marist Red Foxes","https://content.sportslogos.net/logos/32/740/thumbs/x8kgikten7tgkyx12bgfx1f9f.gif"
"157","Marquette Golden Eagles","ncaa","#003366","#FFCC00",NA,NA,"Big East","Marquette","Golden Eagles","Marquette Golden Eagles","https://content.sportslogos.net/logos/32/741/thumbs/lk47sf36h6g3y141mktt.gif"
"158","Marshall Thundering Herd","ncaa","#00B140","#A2AAAD","#693F23","#AD7C59","MVC","Marshall","Thundering Herd","Marshall Thundering Herd","https://content.sportslogos.net/logos/32/742/thumbs/74222742015.gif"
"159","Maryland","ncaa","#E03A3E","#FFD520","#FFFFFF","#000000","Big 10","Maryland",NA,"Maryland Terrapins","https://content.sportslogos.net/logos/32/743/thumbs/74354442012.gif"
"160","Massachusetts","ncaa","#971B2F","#572932","#B1B3B3","#000000","A-10","Massachusetts",NA,"Massachusetts Minutemen","https://content.sportslogos.net/logos/32/887/thumbs/88735242021.gif"
"161","McNeese","ncaa","#00529B","#FFD204",NA,NA,"Southland","McNeese",NA,"McNeese",NA
"162","Memphis Tigers","ncaa","#003087","#898D8D",NA,NA,"AAC","Memphis","Tigers","Memphis Tigers","https://content.sportslogos.net/logos/32/746/thumbs/74692712021.gif"
"163","Mercer Bears","ncaa","#CB5307","#000000",NA,NA,"Southern","Mercer","Bears","Mercer Bears","https://content.sportslogos.net/logos/32/747/thumbs/2533.gif"
"164","Merrimack","ncaa","#003768","#ffde00","#8c8a88",NA,"NEC","Merrimack",NA,"Merrimack",NA
"165","Miami (FL)","ncaa","#F47321","#005030","#FFFFFF",NA,"ACC","Miami","(FL)","Miami Hurricanes","https://content.sportslogos.net/logos/32/748/thumbs/2848.gif"
"166","Miami (OH)","ncaa","#B61E2E","#000000",NA,NA,"MAC","Miami","(OH)","Miami (Ohio) Redhawks","https://content.sportslogos.net/logos/32/749/thumbs/74994712014.gif"
"167","Michigan State Spartans","ncaa","#18453B","#FFFFFF",NA,NA,"Big 10","Michigan State","Spartans","Michigan State Spartans","https://content.sportslogos.net/logos/32/751/thumbs/75112152010.gif"
"168","Michigan Wolverines","ncaa","#00274C","#FFCB05",NA,NA,"Big 10","Michigan","Wolverines","Michigan Wolverines","https://content.sportslogos.net/logos/32/750/thumbs/75032372016.gif"
"169","Middle Tennessee","ncaa","#0066CC","#69B3E7",NA,NA,"C-USA","Middle Tennessee",NA,"Middle Tennessee Blue Raiders","https://content.sportslogos.net/logos/32/752/thumbs/75282132019.gif"
"170","Milwaukee","ncaa","#FFBD00","#CCCCCC",NA,NA,"Horizon","Milwaukee",NA,"Wisconsin-Milwaukee Panthers","https://content.sportslogos.net/logos/35/915/thumbs/91523812011.gif"
"171","Minnesota Golden Gophers","ncaa","#7A0019","#FFCC33",NA,NA,"Big 10","Minnesota","Golden Gophers","Minnesota Golden Gophers","https://content.sportslogos.net/logos/32/753/thumbs/r8cdw98hpgz0sevha7ejthble.gif"
"172","Mississippi State","ncaa","#660000","#FFFFFF","#CCCCCC","#75787B","SEC","Mississippi State",NA,"Mississippi State",NA
"173","Mississippi Val.","ncaa","#046A38","#FFFFFF",NA,NA,"SWAC","Mississippi","Val.","Mississippi Val.",NA
"174","Missouri","ncaa","#000000","#F1B82D",NA,NA,"SEC","Missouri",NA,"Missouri",NA
"175","Missouri State Bears[aj]","ncaa","#5E0009","#000000",NA,NA,"MVC","Missouri State","Bears[aj]","Missouri State Bears[aj]",NA
"176","Monmouth Hawks","ncaa","#041E42","#53565A",NA,NA,"CAA","Monmouth","Hawks","Monmouth Hawks","https://content.sportslogos.net/logos/32/758/thumbs/75894422014.gif"
"177","Montana Grizzlies[ak]","ncaa","#999999","#999999",NA,NA,"Big Sky","Montana","Grizzlies[ak]","Montana Grizzlies[ak]",NA
"178","Montana State Bobcats","ncaa","#B9975B","#B9975B",NA,NA,"Big Sky","Montana State","Bobcats","Montana State Bobcats","https://content.sportslogos.net/logos/32/760/thumbs/76067842013.gif"
"179","Morehead State Eagles","ncaa","#005EB8","#FFCF00",NA,NA,"OVC","Morehead State","Eagles","Morehead State Eagles","https://content.sportslogos.net/logos/32/761/thumbs/vqgygfhlkdh3ewl9nb9m.gif"
"180","Morgan State Bears[aj]","ncaa","#002D74","#FF4E00",NA,NA,"MEAC","Morgan State","Bears[aj]","Morgan State Bears[aj]",NA
"181","Mount State Mary's","ncaa","#002F6C","#FFFFFF",NA,NA,"MAAC","Mount State","Mary's","Mount State Mary's",NA
"182","Murray State Racers","ncaa","#002144","#ECAC00",NA,NA,"MVC","Murray State","Racers","Murray State Racers","https://content.sportslogos.net/logos/32/764/thumbs/76425102014.gif"
"183","N.C. A&T","ncaa","#004684","#FDB927",NA,NA,"Big South","N.C.","A&T","N.C. A&T",NA
"184","N.C. Central","ncaa","#862633","#898D8D",NA,NA,"MEAC","N.C.","Central","N.C. Central",NA
"185","NC State","ncaa","#CC0000","#000000","#FFFFFF",NA,"ACC","NC State",NA,"North Carolina State Wolfpack","https://content.sportslogos.net/logos/33/777/thumbs/77759072006.gif"
"186","NIU","ncaa","#BA0C2F","#8A8D8F","#000000",NA,"MAC","NIU",NA,"NIU",NA
"187","NJIT","ncaa","#D22630","#071D49","#C1C6C8",NA,"Am. East","NJIT",NA,"NJIT Highlanders","https://content.sportslogos.net/logos/33/2605/thumbs/2vggzg8fholnbv4umcp5h1459.gif"
"188","Navy","ncaa","#00205B","#C5B783",NA,NA,"Patriot","Navy",NA,"Navy Midshipmen","https://content.sportslogos.net/logos/33/765/thumbs/76534162014.gif"
"189","Nebraska","ncaa","#E41C38","#5F6A72","#000000",NA,"Big 10","Nebraska",NA,"Nebraska Cornhuskers","https://content.sportslogos.net/logos/33/766/thumbs/76621462016.gif"
"190","Nevada","ncaa","#003366","#807F84",NA,NA,"MWC","Nevada",NA,"Nevada Wolf Pack","https://content.sportslogos.net/logos/33/767/thumbs/76753092008.gif"
"191","New Hampshire Wildcats","ncaa","#041E42","#BBBCBC",NA,NA,"Am. East","New Hampshire","Wildcats","New Hampshire Wildcats","https://content.sportslogos.net/logos/33/768/thumbs/76896352021.gif"
"192","New Mexico","ncaa","#BA0C2F","#A7A8AA","#63666A","#007A86","MWC","New Mexico",NA,"New Mexico",NA
"193","New Mexico State Aggies","ncaa","#861F41","#97999B","#000000",NA,"WAC","New Mexico State","Aggies","New Mexico State Aggies","https://content.sportslogos.net/logos/33/770/thumbs/77050862016.gif"
"194","New Orleans Privateers","ncaa","#005CA6","#A3A9AD",NA,NA,"Southland","New Orleans","Privateers","New Orleans Privateers","https://content.sportslogos.net/logos/33/771/thumbs/77148682013.gif"
"195","Niagara Purple Eagles","ncaa","#582C83","#FFFFFF",NA,NA,"MAAC","Niagara","Purple Eagles","Niagara Purple Eagles","https://content.sportslogos.net/logos/33/772/thumbs/oi5inigc39oafmcd7f3fb7bhf.gif"
"196","Nicholls","ncaa","#C41230","#B2B2B2",NA,NA,"Southland","Nicholls",NA,"Nicholls",NA
"197","Norfolk State Spartans","ncaa","#007A53","#F2A900",NA,NA,"MEAC","Norfolk State","Spartans","Norfolk State Spartans","https://content.sportslogos.net/logos/33/774/thumbs/7064.gif"
"198","North Alabama Lions","ncaa","#46166B","#DB9F11","#5F6062",NA,"A-Sun","North Alabama","Lions","North Alabama Lions","https://content.sportslogos.net/logos/33/4754/thumbs/475488292022.gif"
"199","North Carolina","ncaa","#7BAFD4","#FFFFFF","#13294B","#000000","ACC","North Carolina",NA,"North Carolina Tar Heels","https://content.sportslogos.net/logos/33/775/thumbs/77515392015.gif"
"200","North Dakota Fighting Hawks","ncaa","#009A44","#FFFFFF",NA,NA,"Summit","North Dakota","Fighting Hawks","North Dakota Fighting Hawks","https://content.sportslogos.net/logos/33/2607/thumbs/260726942016.gif"
"201","North Dakota State","ncaa","#0A5640","#FFC72A",NA,NA,"Summit","North Dakota State",NA,"North Dakota State",NA
"202","North Florida Ospreys","ncaa","#00246B","#D9D9D9",NA,NA,"A-Sun","North Florida","Ospreys","UNF Ospreys","https://content.sportslogos.net/logos/35/4947/thumbs/494770022014.gif"
"203","North Texas Mean Green","ncaa","#00853E","#000000",NA,NA,"C-USA","North Texas","Mean Green","North Texas Mean Green","https://content.sportslogos.net/logos/33/782/thumbs/78267462005.gif"
"204","Northeastern Huskies","ncaa","#E50000","#000000",NA,NA,"CAA","Northeastern","Huskies","Northeastern Huskies","https://content.sportslogos.net/logos/33/783/thumbs/78313802018.gif"
"205","Northern Arizona Lumberjacks","ncaa","#FFD200","#FBB040",NA,NA,"Big Sky","Northern Arizona","Lumberjacks","Northern Arizona Lumberjacks","https://content.sportslogos.net/logos/33/784/thumbs/78473542014.gif"
"206","Northern Colorado Bears","ncaa","#F6B000","#F6B000",NA,NA,"Big Sky","Northern Colorado","Bears","Northern Colorado Bears","https://content.sportslogos.net/logos/33/4954/thumbs/495432012015.gif"
"207","Northern Kentucky Norse","ncaa","#FFC72C","#000000",NA,NA,"Horizon","Northern Kentucky","Norse","Northern Kentucky Norse","https://content.sportslogos.net/logos/33/5047/thumbs/504799312016.gif"
"208","Northwestern State","ncaa","#492F92","#F78426",NA,NA,"Southland","Northwestern State",NA,"Northwestern State",NA
"209","Northwestern Wildcats","ncaa","#4E2A84","#FFFFFF",NA,NA,"Big 10","Northwestern","Wildcats","Northwestern Wildcats","https://content.sportslogos.net/logos/33/787/thumbs/78733582012.gif"
"210","Notre Dame","ncaa","#0C2340","#C99700","#AE9142","#00843D","ACC","Notre Dame",NA,"Notre Dame",NA
"211","Oakland Golden Grizzlies","ncaa","#B59A57","#000000",NA,NA,"Horizon","Oakland","Golden Grizzlies","Oakland Golden Grizzlies","https://content.sportslogos.net/logos/33/790/thumbs/79014052021.gif"
"212","Ohio","ncaa","#00694E","#CDA077",NA,NA,"MAC","Ohio",NA,"Ohio",NA
"213","Ohio State","ncaa","#BB0000","#666666",NA,NA,"Big 10","Ohio State",NA,"Ohio State Buckeyes","https://content.sportslogos.net/logos/33/791/thumbs/79176452013.gif"
"214","Oklahoma Sooners","ncaa","#841617","#FDF9D8",NA,NA,"Big 12","Oklahoma","Sooners","Oklahoma Sooners","https://content.sportslogos.net/logos/33/793/thumbs/79328022018.gif"
"215","Oklahoma State","ncaa","#FF7300","#000000","#FF9900","#BEBEBE","Big 12","Oklahoma State",NA,"Oklahoma State Cowboys","https://content.sportslogos.net/logos/33/794/thumbs/79454632019.gif"
"216","Old Dominion Monarchs[am]","ncaa","#003057","#92C1E9",NA,NA,"Sunbelt","Old Dominion","Monarchs[am]","Old Dominion Monarchs[am]",NA
"217","Ole Miss","ncaa","#CE1126","#14213D","#FFFFFF",NA,"SEC","Ole","Miss","Mississippi Rebels","https://content.sportslogos.net/logos/32/754/thumbs/75416092020.gif"
"218","Omaha","ncaa","#000000","#D71920","#636568",NA,"Summit","Omaha",NA,"Nebraska-Omaha Mavericks","https://content.sportslogos.net/logos/33/5049/thumbs/504963202011.gif"
"219","Oral Roberts Golden Eagles","ncaa","#002F60","#C5B783","#A28E2A",NA,"Summit","Oral Roberts","Golden Eagles","Oral Roberts Golden Eagles","https://content.sportslogos.net/logos/33/796/thumbs/79632282017.gif"
"220","Oregon Ducks","ncaa","#154733","#FEE123",NA,NA,"Pac 12","Oregon","Ducks","Oregon Ducks","https://content.sportslogos.net/logos/33/797/thumbs/by8dfvb6j89hs5nrvlb1ibx5e.gif"
"221","Oregon State Beavers","ncaa","#DC4405","#000000","#FFFFFF",NA,"Pac 12","Oregon State","Beavers","Oregon State Beavers","https://content.sportslogos.net/logos/33/798/thumbs/79813572013.gif"
"222","Pacific","ncaa","#E35205","#231F20","#D86018","#949A90","WCC","Pacific",NA,"Pacific Tigers","https://content.sportslogos.net/logos/33/799/thumbs/79930331999.gif"
"223","Penn","ncaa","#990000","#011F5B",NA,NA,"Ivy","Penn",NA,"Penn Quakers","https://content.sportslogos.net/logos/33/800/thumbs/80055202017.gif"
"224","Penn State","ncaa","#093162","#FFFFFF",NA,NA,"Big 10","Penn State",NA,"Penn State Nittany Lions","https://content.sportslogos.net/logos/33/801/thumbs/6g3sx3a2zxgt5z2vb10g.gif"
"225","Pepperdine Waves","ncaa","#00205C","#EE7624",NA,NA,"WCC","Pepperdine","Waves","Pepperdine Waves","https://content.sportslogos.net/logos/33/802/thumbs/80265362012.gif"
"226","Pittsburgh Panthers","ncaa","#1C2957","#CDB87D",NA,NA,"ACC","Pittsburgh","Panthers","Pittsburgh Panthers","https://content.sportslogos.net/logos/33/803/thumbs/80338912019.gif"
"227","Portland Pilots","ncaa","#1E1656","#5E6A71",NA,NA,"WCC","Portland","Pilots","Portland Pilots","https://content.sportslogos.net/logos/33/804/thumbs/80428142014.gif"
"228","Portland State Vikings","ncaa","#154734","#FFFFFF","#373A36","#2C2A29","Big Sky","Portland State","Vikings","Portland State Vikings","https://content.sportslogos.net/logos/33/805/thumbs/80548492016.gif"
"229","Prairie View","ncaa","#330066","#FFCC33",NA,NA,"SWAC","Prairie","View","Prairie View",NA
"230","Presbyterian","ncaa","#0060A9","#9D2235",NA,NA,"Big South","Presbyterian",NA,"Presbyterian",NA
"231","Princeton Tigers","ncaa","#FF671F","#000000",NA,NA,"Ivy","Princeton","Tigers","Princeton Tigers","https://content.sportslogos.net/logos/33/807/thumbs/4g0k10eeht09gbiaklzg49ah9.gif"
"232","Providence","ncaa","#000000","#8A8D8F","#FFFFFF",NA,"Big East","Providence",NA,"Providence Friars","https://content.sportslogos.net/logos/33/808/thumbs/80824872017.gif"
"233","Purdue Boilermakers","ncaa","#CEB888","#000000","#9D968D","#373A36","Big 10","Purdue","Boilermakers","Purdue Boilermakers","https://content.sportslogos.net/logos/33/809/thumbs/80966442012.gif"
"234","Purdue Fort Wayne Mastodons","ncaa","#002F6C","#000000","#63666A","#97999B","Horizon","Purdue Fort Wayne","Mastodons","Purdue Fort Wayne Mastodons","https://content.sportslogos.net/logos/33/6619/thumbs/661929622018.gif"
"235","Queens (NC)","ncaa","#192C66","white",NA,NA,"A-Sun","Queens","(NC)","Queens (NC)",NA
"236","Quinnipiac Bobcats","ncaa","#0A2240","#FFB819",NA,NA,"MAAC","Quinnipiac","Bobcats","Quinnipiac Bobcats","https://content.sportslogos.net/logos/33/810/thumbs/81028122019.gif"
"237","Radford Highlanders","ncaa","#C2011B","#808285",NA,NA,"Big South","Radford","Highlanders","Radford Highlanders","https://content.sportslogos.net/logos/33/811/thumbs/81132852016.gif"
"238","Rhode Island Rams","ncaa","#68ABE8","#002147",NA,NA,"A-10","Rhode","Island Rams","Rhode Island Rams","https://content.sportslogos.net/logos/33/812/thumbs/81261122010.gif"
"239","Rice","ncaa","#00205B","#C1C6C8",NA,NA,"C-USA","Rice",NA,"Rice",NA
"240","Richmond Spiders","ncaa","#000066","#990000",NA,NA,"A-10","Richmond","Spiders","Richmond Spiders","https://content.sportslogos.net/logos/33/814/thumbs/81467492017.gif"
"241","Rider Broncs","ncaa","#981E32","#6C6F70",NA,NA,"MAAC","Rider","Broncs","Rider Broncs","https://content.sportslogos.net/logos/33/815/thumbs/81562592007.gif"
"242","Robert Morris Colonials","ncaa","#14234B","#A6192E",NA,NA,"Horizon","Robert","Morris Colonials","Robert Morris Colonials","https://content.sportslogos.net/logos/33/816/thumbs/81640582020.gif"
"243","Rutgers","ncaa","#CC0033","#5F6A72","#000000",NA,"Big 10","Rutgers",NA,"Rutgers",NA
"244","SFA","ncaa","#3F2A55","#FFFFFF",NA,NA,"WAC","SFA",NA,"SFA",NA
"245","SIUE","ncaa","#CC0000","#FFFFFF",NA,NA,"OVC","SIUE",NA,"SIUE",NA
"246","SMU","ncaa","#CC0035","#354CA1",NA,NA,"AAC","SMU",NA,"SMU",NA
"247","Sacramento State","ncaa","#043927","#C4B581",NA,NA,"Big Sky","Sacramento State",NA,"Sacramento State Hornets","https://content.sportslogos.net/logos/30/629/thumbs/okyaz26kurakymvf0hh42hijj.gif"
"248","Sacred Heart Pioneers","ncaa","#CD1041","#FFFFFF",NA,NA,"NEC","Sacred","Heart Pioneers","Sacred Heart Pioneers","https://content.sportslogos.net/logos/34/820/thumbs/82094932014.gif"
"249","Saint Francis (PA)","ncaa","#BD1F25","#FFFFFF",NA,NA,"NEC","Saint Francis","(PA)","Saint Francis (PA)",NA
"250","Saint Joseph's Hawks","ncaa","#9E1B32","#6C6F70",NA,NA,"A-10","Saint Joseph's","Hawks","St. Joseph's Hawks",NA
"251","Saint Louis Billikens","ncaa","#003DA5","#C8C9C7",NA,NA,"A-10","Saint Louis","Billikens","Saint Louis Billikens","https://content.sportslogos.net/logos/34/822/thumbs/82292312015.gif"
"252","Saint Mary's (CA)","ncaa","#D80024","#06315B",NA,NA,"WCC","Saint Mary's","(CA)","Saint Marys Gaels","https://content.sportslogos.net/logos/34/852/thumbs/mfhe5ysvfgzgt0wxt8hcz89pv.gif"
"253","Saint Peter's Peacocks","ncaa","#003C71","#0072CE","#A59C94","#000000","MAAC","Saint Peter's","Peacocks","Saint Peter's Peacocks",NA
"254","SaintBonaventure","ncaa","#54261A","#FDB726","#BDB6B0",NA,"A-10","SaintBonaventure",NA,"St. Bonaventure Bonnies","https://content.sportslogos.net/logos/34/848/thumbs/84823232016.gif"
"255","SaintFrancis Brooklyn","ncaa","#0038A8","#CE1126",NA,NA,"NEC","SaintFrancis","Brooklyn","SaintFrancis Brooklyn",NA
"256","SaintJohn's (NY)","ncaa","#BA0C2F","#041C2C","#A7A8AA",NA,"Big East","SaintJohn's","(NY)","St. John's Red Storm",NA
"257","SaintThomas (MN)","ncaa","purple","white",NA,NA,"Summit","SaintThomas","(MN)","SaintThomas (MN)",NA
"258","Sam Houston","ncaa","#F78E1E","#004990",NA,NA,"WAC","Sam","Houston","Sam Houston",NA
"259","Samford Bulldogs","ncaa","#C4161D","#002649",NA,NA,"Southern","Samford","Bulldogs","Samford Bulldogs","https://content.sportslogos.net/logos/34/824/thumbs/82413822016.gif"
"260","San Diego State Aztecs","ncaa","#A6192E","#000000","#FFFFFF",NA,"MWC","San Diego State","Aztecs","San Diego State Aztecs","https://content.sportslogos.net/logos/34/826/thumbs/82676662013.gif"
"261","San Diego Toreros","ncaa","#002868","#84BCE8","#207BC1",NA,"WCC","San Diego","Toreros","San Diego Toreros","https://content.sportslogos.net/logos/34/825/thumbs/82542642016.gif"
"262","San Francisco Dons","ncaa","#FDBB30","#00543C","#919194",NA,"WCC","San Francisco","Dons","San Francisco Dons","https://content.sportslogos.net/logos/34/827/thumbs/82715532012.gif"
"263","San Jose State Spartans","ncaa","#0055A2","#E5A823","#939597",NA,"MWC","San Jose State","Spartans","San Jose State Spartans","https://content.sportslogos.net/logos/34/828/thumbs/82875122018.gif"
"264","Santa Clara Broncos","ncaa","#862633","#FFFFFF",NA,NA,"WCC","Santa Clara","Broncos","Santa Clara Broncos","https://content.sportslogos.net/logos/34/829/thumbs/82950002016.gif"
"265","Seattle U","ncaa","#AA0000","#333333",NA,NA,"WAC","Seattle","U","Seattle Redhawks","https://content.sportslogos.net/logos/34/5052/thumbs/505217542008.gif"
"266","Seton Hall Pirates","ncaa","#004488","#A2AAAD",NA,NA,"Big East","Seton Hall","Pirates","Seton Hall Pirates","https://content.sportslogos.net/logos/34/831/thumbs/83191832009.gif"
"267","Siena","ncaa","#FFC72C","#C8102E","#006747","#693F23","MAAC","Siena",NA,"Siena Saints","https://content.sportslogos.net/logos/34/832/thumbs/3336kgxl1jzfvrzh423fldmyo.gif"
"268","South Alabama Jaguars","ncaa","#00205B","#BF0D3E",NA,NA,"Sunbelt","South Alabama","Jaguars","South Alabama Jaguars","https://content.sportslogos.net/logos/34/833/thumbs/f0escusps8d57q2gf0bpy1otm.gif"
"269","South Carolina Gamecocks","ncaa","#73000A","#000000",NA,NA,"SEC","South Carolina","Gamecocks","South Carolina Gamecocks","https://content.sportslogos.net/logos/34/834/thumbs/83459292008.gif"
"270","South Carolina State Bulldogs[h]","ncaa","#841A2B","#1E4692",NA,NA,"MEAC","South Carolina State","Bulldogs[h]","South Carolina State Bulldogs[h]",NA
"271","South Dakota Coyotes","ncaa","#AD0000","#B4B4B4","#000000",NA,"Summit","South Dakota","Coyotes","South Dakota Coyotes","https://content.sportslogos.net/logos/34/5037/thumbs/503737322011.gif"
"272","South Dakota State Jackrabbits","ncaa","#0033A0","#FFD100",NA,NA,"Summit","South Dakota State","Jackrabbits","South Dakota State Jackrabbits","https://content.sportslogos.net/logos/34/836/thumbs/rx5rkctzeni2o4nxdsl4ftgw9.gif"
"273","South Florida Bulls","ncaa","#006747","#CFC493",NA,NA,"AAC","South Florida","Bulls","South Florida Bulls","https://content.sportslogos.net/logos/34/837/thumbs/83790582011.gif"
"274","Southeast Mo. State","ncaa","#C8102E","#000000",NA,NA,"OVC","Southeast","Mo._State","Southeast Mo. State",NA
"275","Southeastern Louisiana Lions[ap]","ncaa","#006341","#EAAA00",NA,NA,"Southland","Southeastern","Louisiana Lions[ap]","Southeastern Louisiana Lions[ap]",NA
"276","Southern California Trojans[ax]","ncaa","#FFC72C","#990000","#FFC72C",NA,"Pac 12","Southern California","Trojans[ax]","Southern California Trojans[ax]",NA
"277","Southern Illinois","ncaa","#720000","#000000",NA,NA,"MVC","Southern Illinois",NA,"Southern Illinois Salukis","https://content.sportslogos.net/logos/34/841/thumbs/84143492019.gif"
"278","Southern Ind.","ncaa","#CF102D","#002D5D",NA,NA,"OVC","Southern Ind.",NA,"Southern Ind.",NA
"279","Southern Mississippi Golden Eagles[u]","ncaa","#000000","#FFAB00",NA,NA,"Sunbelt","Southern Mississippi","Golden Eagles[u]","Southern Mississippi Golden Eagles[u]",NA
"280","Southern U.","ncaa","#69B3E7","#FFC72C",NA,NA,"SWAC","Southern U.",NA,"Southern U.",NA
"281","Southern Utah Thunderbirds","ncaa","#000000","#FFFFFF",NA,NA,"WAC","Southern Utah","Thunderbirds","Southern Utah Thunderbirds","https://content.sportslogos.net/logos/34/844/thumbs/84438212019.gif"
"282","Stanford","ncaa","#8C1515","#FFFFFF","#4D4F53","#2E2D29","Pac 12","Stanford",NA,"Stanford",NA
"283","Stetson Hatters","ncaa","#006747","#B58150","#9E652E","#000000","A-Sun","Stetson","Hatters","Stetson Hatters","https://content.sportslogos.net/logos/34/857/thumbs/85710302018.gif"
"284","Stonehill","ncaa","purple","black",NA,NA,"NEC","Stonehill",NA,"Stonehill",NA
"285","Stony Brook","ncaa","#990000","#16243E","#828282",NA,"CAA","Stony Brook",NA,"Stony Brook",NA
"286","Syracuse Orange","ncaa","#D44500","#3E3D3C","#6F777D","#ADB3B8","ACC","Syracuse","Orange","Syracuse Orange","https://content.sportslogos.net/logos/34/859/thumbs/85984312015.gif"
"287","TCU","ncaa","#4D1979","#A3A9AC","#FFFFFF",NA,"Big 12","TCU",NA,"TCU Horned Frogs","https://content.sportslogos.net/logos/34/868/thumbs/86837962013.gif"
"288","Tarleton State","ncaa","#4F2D7F","white",NA,NA,"WAC","Tarleton State",NA,"Tarleton State",NA
"289","Temple Owls","ncaa","#9D2235","#FFCD00","#8A8D8F","#C1C6C8","AAC","Temple","Owls","Temple Owls","https://content.sportslogos.net/logos/34/860/thumbs/86045952020.gif"
"290","Tennessee","ncaa","#FF8200","#58595B","#FFFFFF",NA,"SEC","Tennessee",NA,"Tennessee",NA
"291","Tennessee State Tigers[v]","ncaa","#00539F","#FFFFFF",NA,NA,"OVC","Tennessee State","Tigers[v]","Tennessee State Tigers[v]",NA
"292","Tennessee Tech","ncaa","#4F2984","#FFDD00",NA,NA,"OVC","Tennessee Tech",NA,"Tennessee Tech",NA
"293","Tex. A&M-Commerce","ncaa","navy","gold",NA,NA,"Southland","Tex.","A&M-Commerce","Tex. A&M-Commerce",NA
"294","Texas","ncaa","#BF5700","#333F48","#FFFFFF",NA,"Big 12","Texas",NA,"Texas Longhorns","https://content.sportslogos.net/logos/34/865/thumbs/86561462019.gif"
"295","Texas A&M Aggies","ncaa","#500000","#FFFFFF",NA,NA,"SEC","Texas A&M","Aggies","Texas A&M Aggies","https://content.sportslogos.net/logos/34/866/thumbs/86656342021.gif"
"296","Texas Southern Tigers[v]","ncaa","#6F263D","#A2AAAD",NA,NA,"SWAC","Texas","Southern Tigers[v]","Texas Southern Tigers[v]",NA
"297","Texas State Bobcats","ncaa","#501214","#8D734A",NA,NA,"Sunbelt","Texas State","Bobcats","Texas State Bobcats","https://content.sportslogos.net/logos/34/847/thumbs/84722912021.gif"
"298","Texas Tech Red Raiders[at]","ncaa","#CC0000","#000000","#FFFFFF",NA,"Big 12","Texas Tech","Red Raiders[at]","Texas Tech Red Raiders[at]",NA
"299","The Citadel","ncaa","#3975B7","#FFFFFF",NA,NA,"Southern","The","Citadel","The Citadel",NA
"300","Toledo Rockets","ncaa","#15397F","#005CB9","#FFDA00","#BEC6C3","MAC","Toledo","Rockets","Toledo Rockets","https://content.sportslogos.net/logos/34/874/thumbs/87473482019.gif"
"301","Towson Tigers","ncaa","#000000","#FFCC00",NA,NA,"CAA","Towson","Tigers","Towson Tigers","https://content.sportslogos.net/logos/34/875/thumbs/87538812011.gif"
"302","Troy Trojans","ncaa","#6D0017","#B2B3B5","#000000",NA,"Sunbelt","Troy","Trojans","Troy Trojans","https://content.sportslogos.net/logos/34/876/thumbs/87610792016.gif"
"303","Tulane","ncaa","#006747","#43B02A","#418FDE","#000000","AAC","Tulane",NA,"Tulane",NA
"304","Tulsa","ncaa","#002D72","#C8102E","#C5B783","#F3D54E","AAC","Tulsa",NA,"Tulsa",NA
"305","UAB","ncaa","#006341","#CC8A00","#000000","#BF0D3E","C-USA","UAB",NA,"UAB Blazers","https://content.sportslogos.net/logos/35/879/thumbs/87915182015.gif"
"306","UAlbany","ncaa","#461660","#EEB211",NA,NA,"Am. East","UAlbany",NA,"UAlbany",NA
"307","UC Davis","ncaa","#002855","#B3A369",NA,NA,"Big West","UC","Davis","California Davis Aggies","https://content.sportslogos.net/logos/30/1831/thumbs/183112042019.gif"
"308","UC Irvine","ncaa","#0C2340","#FFC72C",NA,NA,"Big West","UC","Irvine","California-Irvine Anteaters","https://content.sportslogos.net/logos/30/880/thumbs/88023612014.gif"
"309","UC Riverside","ncaa","#2D6CC0","#003066","#F1AB00","#7A6E67","Big West","UC","Riverside","California Riverside Highlanders",NA
"310","UC San Diego","ncaa","#182B49","#C69214",NA,NA,"Big West","UC","San Diego","UC San Diego",NA
"311","UC Santa Barbara","ncaa","#004D9F","#FFB814",NA,NA,"Big West","UC","Santa Barbara","UC Santa Barbara",NA
"312","UCF","ncaa","#000000","#B7A369",NA,NA,"AAC","UCF",NA,"UCF",NA
"313","UCLA","ncaa","#2D68C4","#F2A900","#3284BF","#FFE800","Pac 12","UCLA",NA,"UCLA Bruins","https://content.sportslogos.net/logos/35/882/thumbs/88285272017.gif"
"314","UConn","ncaa","#000E2F","#FFFFFF",NA,NA,"Big East","UConn",NA,"UConn",NA
"315","UIC","ncaa","#AC1E2D","#041E42","#FACC09",NA,"MVC","UIC",NA,"Illinois-Chicago Flames","https://content.sportslogos.net/logos/32/708/thumbs/70847702020.gif"
"316","UIW","ncaa","#CB333B","#000000",NA,NA,"Southland","UIW",NA,"UIW",NA
"317","ULM","ncaa","#800029","#BD955A","#646469","#DAD86D","Sunbelt","ULM",NA,"ULM",NA
"318","UMBC","ncaa","#B18906","#FFC20E","#000000","#ED1C24","Am. East","UMBC",NA,"UMBC Retrievers","https://content.sportslogos.net/logos/35/885/thumbs/88553842010.gif"
"319","UMES","ncaa","#822433","#8B8D8E",NA,NA,"MEAC","UMES",NA,"UMES",NA
"320","UMass Lowell","ncaa","#003DA5","#C8102E",NA,NA,"Am. East","UMass Lowell",NA,"UMass Lowell River Hawks","https://content.sportslogos.net/logos/35/5023/thumbs/502335682016.gif"
"321","UNC Asheville","ncaa","#003DA5","#FFFFFF",NA,NA,"Big South","UNC","Asheville","UNC Asheville",NA
"322","UNC Greensboro","ncaa","#0F2044","#FFB71B",NA,NA,"Southern","UNC","Greensboro","UNC Greensboro",NA
"323","UNCW","ncaa","#006666","#003366","#FFD600",NA,"CAA","UNCW",NA,"UNCW",NA
"324","UNI","ncaa","#4B116F","#FFCC00",NA,NA,"MVC","UNI",NA,"Northern Iowa Panthers","https://content.sportslogos.net/logos/33/786/thumbs/78616812021.gif"
"325","UNLV","ncaa","#B10202","#666666","#000000",NA,"MWC","UNLV",NA,"UNLV Rebels","https://content.sportslogos.net/logos/35/888/thumbs/88889482018.gif"
"326","USC Upstate","ncaa","#00703C","#000000",NA,NA,"Big South","USC Upstate",NA,"USC Upstate Spartans","https://content.sportslogos.net/logos/35/4948/thumbs/494833572021.gif"
"327","UT Arlington","ncaa","#F58025","#0064B1",NA,NA,"WAC","UT","Arlington","Texas-Arlington Mavericks","https://content.sportslogos.net/logos/34/871/thumbs/87190202007.gif"
"328","UT Martin","ncaa","#002649","#F77F00",NA,NA,"OVC","UT","Martin","UT Martin",NA
"329","UTEP","ncaa","#FF8200","#041E42","#B1B3B3",NA,"C-USA","UTEP",NA,"UTEP Miners","https://content.sportslogos.net/logos/35/889/thumbs/2711.gif"
"330","UTRGV","ncaa","#FFA300","#F05023","#00843D","#0C2340","WAC","UTRGV",NA,"UTRGV Vaqueros","https://content.sportslogos.net/logos/35/5639/thumbs/563996352015.gif"
"331","UTSA","ncaa","#F15A22","#0C2340",NA,NA,"C-USA","UTSA",NA,"Texas-SA Roadrunners","https://content.sportslogos.net/logos/34/890/thumbs/8w7wa2e7efz3h7g9m98ja3idd.gif"
"332","Utah State Aggies","ncaa","#0F2439","#FFFFFF","#9D968D","#000000","MWC","Utah State","Aggies","Utah State Aggies","https://content.sportslogos.net/logos/35/893/thumbs/89352172019.gif"
"333","Utah Tech","ncaa","#BA1C21","#ADA1A2","#NA",NA,"WAC","Utah Tech",NA,"Utah Tech",NA
"334","Utah Utes[ay]","ncaa","#CC0000","#808080","#000000",NA,"Pac 12","Utah","Utes[ay]","Utah Utes[ay]",NA
"335","Utah Valley Wolverines","ncaa","#275D38","#000000","#8E8C89",NA,"WAC","Utah Valley","Wolverines","Utah Valley Wolverines","https://content.sportslogos.net/logos/35/2606/thumbs/260643992008.gif"
"336","VCU","ncaa","#FFB300","#000000",NA,NA,"A-10","VCU",NA,"Virginia Commonwealth Rams","https://content.sportslogos.net/logos/35/899/thumbs/89973792014.gif"
"337","VMI","ncaa","#AE122A","#FFD619",NA,NA,"Southern","VMI",NA,"VMI",NA
"338","Valparaiso Beacons","ncaa","#381E0E","#613318","#FFCC00",NA,"MVC","Valparaiso","Beacons","Valparaiso Beacons","https://content.sportslogos.net/logos/35/6820/thumbs/682018152021.gif"
"339","Vanderbilt Commodores","ncaa","#000000","#866D4B",NA,NA,"SEC","Vanderbilt","Commodores","Vanderbilt Commodores","https://content.sportslogos.net/logos/35/895/thumbs/89595842022.gif"
"340","Vermont","ncaa","#154734","#8B5B29","#FFC72C","#C6AA76","Am. East","Vermont",NA,"Vermont",NA
"341","Villanova Wildcats","ncaa","#00205B","#13B5EA","#8B634B",NA,"Big East","Villanova","Wildcats","Villanova Wildcats","https://content.sportslogos.net/logos/35/897/thumbs/a28cvg370vfg03yepefh.gif"
"342","Virginia Cavaliers","ncaa","#232D4B","#F84C1E","#FFFFFF",NA,"ACC","Virginia","Cavaliers","Virginia Cavaliers","https://content.sportslogos.net/logos/35/898/thumbs/89873152020.gif"
"343","Virginia Tech","ncaa","#630031","#CF4420",NA,NA,"ACC","Virginia Tech",NA,"Virginia Tech",NA
"344","Wagner","ncaa","#004331","#FFFFFF",NA,NA,"NEC","Wagner",NA,"Wagner",NA
"345","Wake Forest Demon Deacons","ncaa","#A67F31","#000000",NA,NA,"ACC","Wake Forest","Demon Deacons","Wake Forest Demon Deacons","https://content.sportslogos.net/logos/35/903/thumbs/90387062019.gif"
"346","Washington Huskies","ncaa","#4B2E83","#B7A57A","#85754D",NA,"Pac 12","Washington","Huskies","Washington Huskies","https://content.sportslogos.net/logos/35/904/thumbs/90432902016.gif"
"347","Washington State Cougars","ncaa","#981E32","#5E6A71",NA,NA,"Pac 12","Washington State","Cougars","Washington State Cougars","https://content.sportslogos.net/logos/35/905/thumbs/2724.gif"
"348","Weber State Wildcats","ncaa","#A1A1A4","#130C0E",NA,NA,"Big Sky","Weber State","Wildcats","Weber State Wildcats","https://content.sportslogos.net/logos/35/906/thumbs/90666342012.gif"
"349","West Virginia Mountaineers","ncaa","#002855","#EAAA00",NA,NA,"Big 12","West Virginia","Mountaineers","West Virginia Mountaineers","https://content.sportslogos.net/logos/35/907/thumbs/90764092016.gif"
"350","Western Carolina Catamounts","ncaa","#592C88","#B9975B",NA,NA,"Southern","Western Carolina","Catamounts","Western Carolina Catamounts","https://content.sportslogos.net/logos/35/2724/thumbs/272498192018.gif"
"351","Western Illinois Leathernecks","ncaa","#663399","#FFCC00",NA,NA,"Summit","Western Illinois","Leathernecks","Western Illinois Leathernecks","https://content.sportslogos.net/logos/35/908/thumbs/90852672019.gif"
"352","Western Kentucky Hilltoppers[az]","ncaa","#C60C30","#1E1E1E","#A2A4A3",NA,"C-USA","Western Kentucky","Hilltoppers[az]","Western Kentucky Hilltoppers[az]",NA
"353","Western Michigan Broncos","ncaa","#6C4023","#B5A167","#AAA8AA","#000000","MAC","Western Michigan","Broncos","Western Michigan Broncos","https://content.sportslogos.net/logos/35/910/thumbs/91099012021.gif"
"354","Wichita State Shockers","ncaa","#FFCD00","#000000",NA,NA,"AAC","Wichita State","Shockers","Wichita State Shockers","https://content.sportslogos.net/logos/35/911/thumbs/91127002010.gif"
"355","William & Mary","ncaa","#115740","#F0B323","#D0D3D4",NA,"CAA","William","& Mary","William & Mary",NA
"356","Winthrop Eagles","ncaa","#872434","#FFC82E",NA,NA,"Big South","Winthrop","Eagles","Winthrop Eagles","https://content.sportslogos.net/logos/35/913/thumbs/91363522020.gif"
"357","Wisconsin","ncaa","#C5050C","#FFFFFF","#9B0000",NA,"Big 10","Wisconsin",NA,"Wisconsin Badgers","https://content.sportslogos.net/logos/35/914/thumbs/91436912017.gif"
"358","Wofford","ncaa","#886E4C","#000000",NA,NA,"Southern","Wofford",NA,"Wofford",NA
"359","Wright State Raiders","ncaa","#026937","#CEA052","#FFE1A5","#DE6328","Horizon","Wright State","Raiders","Wright State Raiders","https://content.sportslogos.net/logos/35/917/thumbs/91757032017.gif"
"360","Wyoming Cowboys[ai]","ncaa","#FFC425","#492F24",NA,NA,"MWC","Wyoming","Cowboys[ai]","Wyoming Cowboys[ai]",NA
"361","Xavier Musketeers","ncaa","#0C2340","#9EA2A2","#0099CC",NA,"Big East","Xavier","Musketeers","Xavier Musketeers","https://content.sportslogos.net/logos/35/919/thumbs/xgodx5ewp41q2fp38jsy.gif"
"362","Yale Bulldogs","ncaa","#00356B","#FFFFFF",NA,NA,"Ivy","Yale","Bulldogs","Yale Bulldogs","https://content.sportslogos.net/logos/35/920/thumbs/92018352019.gif"
"363","Youngstown State Penguins","ncaa","#C8102E","#F3D54E",NA,NA,"Horizon","Youngstown State","Penguins","Youngstown State Penguins","https://content.sportslogos.net/logos/35/921/thumbs/92174472006.gif"
